question,answer
abridgment,sự tóm tắt
abruptly,đột ngột
accelerate,tăng tốc
accrue,tích lũy
acquisition,sự mua lại
adjourn,hoãn lại
aggravate,làm trầm trọng thêm
agricultural,nông nghiệp
airsickness,say máy bay
alleviate,làm giảm bớt
allegedly,được cho là
amenity,tiện nghi
annex,phụ lục
antibiotic,thuốc kháng sinh
apparatus,thiết bị
arbitration,trọng tài
asthma,hen suyễn
astonishingly,thật đáng kinh ngạc
astute,khôn ngoan
blemish,vết bẩn
botanical,thuộc thực vật
brisk,nhanh nhẹn
bureaucracy,bộ máy quan liêu
canopy,tán cây
carpentry,nghề mộc
cloakroom,phòng để đồ
coil,xôn xao
collateral,tài sản thế chấp
commemorate,kỷ niệm
commensurate,tương xứng
commend,khen ngợi
concourse,sảnh chờ
concession,nhượng bộ
concierge,người gác cổng
condense,ngưng tụ
confiscate,tịch thu
confront,đối đầu
conglomerate,tập đoàn
consolidate,hợp nhất
contender,ứng cử viên
contestant,thí sinh
contingency,sự bất trắc
contrive,nghĩ ra
cordially,trân trọng
corridor,hành lang
corrosion,sự ăn mòn
counterfeit,hàng giả
courier,người đưa thư
courteous,lịch sự
decaffeinated,không chứa caffein
defiance,sự thách thức
deflate,xì hơi
deliberate,cố ý
deprivation,sự tước đoạt
disease,bệnh
disorient,mất phương hướng
dispute,tranh luận
disturb,quấy rầy
dosage,liều lượng
eagerness,sự háo hức
drape,treo lên
economize,tiết kiệm
enactment,ban hành
drench,ngâm mình
elderly,người già
endurance,sức bền
elaborate,phức tạp
endorsement,sự chứng thực
energetic,mãnh liệt
engrave,khắc
elicit,gợi ra
eloquent,hùng hồn
envision,hình dung
epidemic,bệnh dịch
escort,hộ tống
escape,bỏ trốn
evacuate,sơ tán
evolve,tiến hóa
extinction,sự tuyệt chủng
extravagance,sự xa hoa
excavation,moi lên
exposition,trình bày
exquisite,tinh tế
eradicate,xóa bỏ
forage,thức ăn gia súc
forfeit,bị tịch thu
forgery,sự làm giả
fragile,dễ vỡ
franchise,nhượng quyền thương mại
frankly,thẳng thắn
frosting,kem phủ
gadget,tiện ích
garlic,tỏi
garment,quần áo
garner,thu thập
garnish,trang trí
gauge,thước đo
genuine,thành thật
germ,mầm bệnh
gesture,cử chỉ
glassware,đồ thủy tinh
gourmet,người sành ăn
grasp,nắm bắt
gratified,hài lòng
gratis,miễn phí
gratuity,tiền boa
grazing,chăn thả
grease,mỡ
gusty,gió giật
harsh,thô ráp
harm,làm hại
hectic,bận rộn
heritage,di sản
hospitality,lòng hiếu khách
granularity,độ chi tiết
disambiguate,làm rõ nghĩa
hurdle,rào cản
hygiene,vệ sinh
impede,cản trở
immune,miễn dịch
impose,áp đặt
inaugurate,khánh thành
indulge,nuông chiều
infection,sự nhiễm trùng
inflation,lạm phát
inflict,gây ra
infringement,vi phạm
inhabit,cư trú
innate,bẩm sinh
inquiry,cuộc điều tra
inquire,hỏi thăm
insomnia,mất ngủ
insolvent,mất khả năng thanh toán
insistent,van lơn
instaliment,trả góp
intake,lượng tiêu thụ
insult,sự sỉ nhục
intriguingly,một cách thú vị
ironing,ủi đồ
irreversible,không thể đảo ngược
irrigation system,hệ thống tưới tiêu
manuscript,bản thảo
meditate,thiền định
mediate,trung gian
menace,mối đe dọa
merit,công lao
metaphor,ẩn dụ
metropolitan area,khu vực đô thị
mindful,chánh niệm
mingle,giao lưu
moderate,vừa phải
modestly,khiêm tốn
monopoly,độc quyền
mortgage,thế chấp
multilateral,đa phương
multistory,nhiều tầng
fabricate,chế tạo
marginal,biên độ
nightfall,chạng vạng
nimble,nhanh nhẹn
nourish,nuôi
nursery,vườn ươm
obfuscate,làm lu mờ
oblige,bắt buộc
observance,sự tuân thủ
organ,cơ quan
ordinarily,thông thường
ordinance,sắc lệnh
paddle,mái chèo
painkiller,thuốc giảm đau
paralysis,tê liệt
parlor,phòng khách
parliament,quốc hội
pavilion,gian hàng
peddler,người bán hàng rong
perspire,đổ mồ hôi
ornamental,trang trí
outpatient,bệnh nhân ngoại trú
outreach,tiếp cận
outsell,bán chạy hơn
outweigh,vượt trội hơn
parcel,bưu kiện
perpetual,vĩnh viễn
petition,đơn kiến nghị
perturbed,bối rối
pertinent,có liên quan
pioneer,người tiên phong
pique,sự khiêu khích
pity,lòng thương xót
plausible,có thể xảy ra
portray,miêu tả
pragmatic,thực dụng
precaution,biện pháp phòng ngừa
preach,rao giảng
precede,đi trước
preclude,ngăn chặn
preeminent,nổi bật
preheat,làm nóng trước
preliminary,sơ bộ
prerequisite,điều kiện tiên quyết
presiding,chủ trì
prestigious,uy tín
presumably,có lẽ
procrastinate,trì hoãn
procurement,mua sắm
quarantine,cách ly
rally,tập hợp
realization,sự thực hiện
redeem,chuộc lại
recuperate,hồi phục
refrigerator,tủ lạnh
reimburse,hoàn trả
respire,hít thở
scaffolding,giàn giáo
scarcity,sự khan hiếm
scarce,khan hiếm
scatter,tiêu tan
scenery,phong cảnh
seasickness,say sóng
secretarial,thư ký
shoelace,dây giày
shrub,cây bụi
shred,xé nhỏ
sleeve,tay áo
skyscraper,tòa nhà chọc trời
sluggish,chậm chạp
slurp,húp một ngụm
smock,áo khoác
solicit,mời chào
solitary,đơn độc
sparsely,thưa thớt
splash,bắn tung tóe
splendor,sự lộng lẫy
spray,phun
spouse,vợ chồng
spurious,giả mạo
spry,nhanh nhẹn
squeaky,cót két
stagnant,trì trệ
stance,lập trường
stationary,đứng yên
stationery,văn phòng phẩm
stipulation,điều khoản
stomachache,đau bụng
stylishly,một cách sành điệu
sturdily,vững chắc
suburb,vùng ngoại ô
succinct,ngắn gọn
surrender,đầu hàng
susceptible,dễ bị tổn thương
surplus,thặng dư
symmetrically,đối xứng
symposium,hội thảo
synergy,sự hiệp lực
synthetic,tổng hợp
synthesis,tổng hợp
tangible,hữu hình
turbulence,sự hỗn loạn
vegetarian,người ăn chay
accuse,buộc tội
armed,có vũ trang
bacteria,vi khuẩn
beef,thịt bò
bend,uốn cong
biscuit,bánh quy
blonde,tóc vàng
brave,can đảm
church,nhà thờ
civil,dân sự
clue,manh mối
criticize,chỉ trích
criminal,tội phạm
cruel,tàn nhẫn
cupboard,cái tủ
depressed,trầm cảm
divorced,đã ly hôn
escape,bỏ trốn
harm,làm hại
hardly,khắc nghiệt
humour,sự hài hước
innocent,vô tội
mineral,khoáng sản
minister,bộ trưởng
mystery,bí ẩn
nuclear,hạt nhân
mysterious,bí ẩn
poisonous,độc hại
poison,chất độc
priest,linh mục
psychology,tâm lý
pupil,học sinh
rugby,bóng bầu dục
rude,bất lịch sự
shame,nỗi tủi nhục
shine,chiếu sáng
shallow,nông
shiny,sáng bóng
spirit,tinh thần
square,quảng trường
stomach,cái bụng
concede,nhượng bộ
compulsory,bắt buộc
confer,trao
confess,xưng
critique,phê bình
creep,leo
crude,thô
cultivate,trồng trọt
democracy,nền dân chủ
denounce,tố cáo
devastate,tàn phá
descent,dòng dõi
diagnosis,chẩn đoán
deteriorate,xấu đi
dignity,phẩm giá
diplomat,nhà ngoại giao
diminish,giảm bớt
era,thời đại
erupt,phun trào
erect,dựng đứng
exotic,kỳ lạ
exile,lưu vong
exert,phát huy
feminist,nhà nữ quyền
genocide,diệt chủng
glance,liếc nhìn
glimpse,thoáng nhìn
grief,đau buồn
glorious,vinh quang
hostile,thù địch
humanitarian,nhân đạo
hostage,con tin
humble,khiêm tốn
ideological,tư tưởng
illusion,ảo tưởng
imminent,sắp xảy ra
incentive,khích lệ
imprisonment,sự giam cầm
indigenous,bản địa
indulge,nuông chiều
interim,tạm thời
ironically,trớ trêu thay
judicial,tư pháp
kidney,quả thận
kidnap,bắt cóc
liver,gan
mandate,nhiệm vụ
massacre,thảm sát
militant,chiến binh
missile,tên lửa
misery,đau khổ
monopoly,độc quyền
monk,nhà sư
momentum,động lượng
myth,huyền thoại
municipal,thành phố
obesity,béo phì
oral,miệng
petition,đơn kiến nghị
pirate,cướp biển
plunge,lao xuống
pledge,lời cam kết
prevail,chiếm ưu thế
presume,cho rằng
psychiatric,tâm thần học
racist,phân biệt chủng tộc
